{"precision": 0.22606519686022147, "recall": 0.8038450014405071, "f1": 0.3162881124211564}